forwarder,myerson
0,2523.000000000001
48,6783.999999999998
1,7495.499999999999
10,4038.0
13,4204.0
15,5169.499999999999
49,2462.4999999999986
16,877.9999999999998
17,2438.999999999999
24,2856.5
43,3058.0
21,10257.0
6,6379.000000000002
25,6619.5
27,3035.0
30,4134.999999999999
31,3115.9999999999995
32,5008.5
33,10628.5
38,3020.0
39,7293.0
42,4675.0
44,1581.5
45,4829.5
47,6697.999999999998
2,1848.0000000000005
3,7286.499999999997
4,4987.500000000002
5,6898.500000000002
8,5171.0
